Id,ActivityDate,TotalSteps,TotalDistance,TrackerDistance,LoggedActivitiesDistance,VeryActiveDistance,ModeratelyActiveDistance,LightActiveDistance,SedentaryActiveDistance,VeryActiveMinutes,FairlyActiveMinutes,LightlyActiveMinutes,SedentaryMinutes,Calories,TotalSleepRecords,TotalMinutesAsleep,TotalTimeInBed,TotalMinutesFallAsleep,fall_asleep_cat
1503960366,4/12/2016,13162,8.5,8.5,0,1.879999995,0.550000012,6.059999943,0,25,13,328,728,1985,1,327,346,19,Normal
1503960366,4/13/2016,10735,6.96999979,6.96999979,0,1.570000052,0.689999998,4.710000038,0,21,19,217,776,1797,2,384,407,23,Slow
1503960366,4/15/2016,9762,6.28000021,6.28000021,0,2.140000105,1.25999999,2.829999924,0,29,34,209,726,1745,1,412,442,30,Slow
1503960366,4/16/2016,12669,8.159999847,8.159999847,0,2.710000038,0.409999996,5.039999962,0,36,10,221,773,1863,2,340,367,27,Slow
1503960366,4/17/2016,9705,6.480000019,6.480000019,0,3.190000057,0.779999971,2.50999999,0,38,20,164,539,1728,1,700,712,12,Normal
1503960366,4/19/2016,15506,9.880000114,9.880000114,0,3.529999971,1.320000052,5.03000021,0,50,31,264,775,2035,1,304,320,16,Normal
1503960366,4/20/2016,10544,6.679999828,6.679999828,0,1.960000038,0.479999989,4.239999771,0,28,12,205,818,1786,1,360,377,17,Normal
1503960366,4/21/2016,9819,6.340000153,6.340000153,0,1.340000033,0.349999994,4.650000095,0,19,8,211,838,1775,1,325,364,39,Slow
1503960366,4/23/2016,14371,9.039999962,9.039999962,0,2.809999943,0.870000005,5.360000134,0,41,21,262,732,1949,1,361,384,23,Slow
1503960366,4/24/2016,10039,6.409999847,6.409999847,0,2.920000076,0.209999993,3.279999971,0,39,5,238,709,1788,1,430,449,19,Normal
1503960366,4/25/2016,15355,9.800000191,9.800000191,0,5.289999962,0.569999993,3.940000057,0,73,14,216,814,2013,1,277,323,46,Slow
1503960366,4/26/2016,13755,8.789999962,8.789999962,0,2.329999924,0.920000017,5.539999962,0,31,23,279,833,1970,1,245,274,29,Slow
1503960366,4/28/2016,13154,8.529999733,8.529999733,0,3.539999962,1.159999967,3.789999962,0,48,28,189,782,1898,1,366,393,27,Slow
1503960366,4/29/2016,11181,7.150000095,7.150000095,0,1.059999943,0.5,5.579999924,0,16,12,243,815,1837,1,341,354,13,Normal
1503960366,4/30/2016,14673,9.25,9.25,0,3.559999943,1.419999957,4.269999981,0,52,34,217,712,1947,1,404,425,21,Slow
1503960366,5/1/2016,10602,6.809999943,6.809999943,0,2.289999962,1.600000024,2.920000076,0,33,35,246,730,1820,1,369,396,27,Slow
1503960366,5/2/2016,14727,9.710000038,9.710000038,0,3.210000038,0.569999993,5.920000076,0,41,15,277,798,2004,1,277,309,32,Slow
1503960366,5/3/2016,15103,9.659999847,9.659999847,0,3.730000019,1.049999952,4.880000114,0,50,24,254,816,1990,1,273,296,23,Slow
1503960366,5/5/2016,14070,8.899999619,8.899999619,0,2.920000076,1.080000043,4.880000114,0,45,24,250,857,1959,1,247,264,17,Normal
1503960366,5/6/2016,12159,8.029999733,8.029999733,0,1.970000029,0.25,5.809999943,0,24,6,289,754,1896,1,334,367,33,Slow
1503960366,5/7/2016,11992,7.710000038,7.710000038,0,2.460000038,2.119999886,3.130000114,0,37,46,175,833,1821,1,331,349,18,Normal
1503960366,5/8/2016,10060,6.579999924,6.579999924,0,3.529999971,0.319999993,2.730000019,0,44,8,203,574,1740,1,594,611,17,Normal
1503960366,5/9/2016,12022,7.71999979,7.71999979,0,3.450000048,0.529999971,3.74000001,0,46,11,206,835,1819,1,338,342,4,Fast
1503960366,5/10/2016,12207,7.769999981,7.769999981,0,3.349999905,1.159999967,3.25999999,0,46,31,214,746,1859,1,383,403,20,Normal
1503960366,5/11/2016,12770,8.130000114,8.130000114,0,2.559999943,1.00999999,4.550000191,0,36,23,251,669,1783,1,285,306,21,Slow
1644430081,4/29/2016,3176,2.309999943,2.309999943,0,0,0,2.309999943,0,0,0,120,1193,2498,1,119,127,8,Fast
1644430081,4/30/2016,18213,13.23999977,13.23999977,0,0.629999995,3.140000105,9.460000038,0,9,71,402,816,3846,1,124,142,18,Normal
1644430081,5/2/2016,3758,2.730000019,2.730000019,0,0.07,0.310000002,2.349999905,0,1,7,148,682,2580,1,796,961,165,Very Slow
1644430081,5/8/2016,6724,4.889999866,4.889999866,0,0,0,4.880000114,0,0,0,295,991,2987,1,137,154,17,Normal
1844505072,4/15/2016,3844,2.539999962,2.539999962,0,0,0,2.539999962,0,0,0,176,527,1725,1,644,961,317,Very Slow
1844505072,4/30/2016,4014,2.670000076,2.670000076,0,0,0,2.650000095,0,0,0,184,218,1763,1,722,961,239,Very Slow
1844505072,5/1/2016,2573,1.700000048,1.700000048,0,0,0.25999999,1.450000048,0,0,7,75,585,1541,1,590,961,371,Very Slow
1927972279,4/12/2016,678,0.469999999,0.469999999,0,0,0,0.469999999,0,0,0,55,734,2220,3,750,775,25,Slow
1927972279,4/13/2016,356,0.25,0.25,0,0,0,0.25,0,0,0,32,986,2151,1,398,422,24,Slow
1927972279,4/15/2016,980,0.680000007,0.680000007,0,0,0,0.680000007,0,0,0,51,941,2221,2,475,499,24,Slow
1927972279,4/26/2016,3761,2.599999905,2.599999905,0,0,0,2.599999905,0,0,0,192,1058,2638,1,296,315,19,Normal
1927972279,4/28/2016,1675,1.159999967,1.159999967,0,0,0,1.159999967,0,0,0,95,1167,2351,1,166,178,12,Normal
2026352035,4/12/2016,4414,2.74000001,2.74000001,0,0.189999998,0.349999994,2.200000048,0,3,8,181,706,1459,1,503,546,43,Slow
2026352035,4/13/2016,4993,3.099999905,3.099999905,0,0,0,3.099999905,0,0,0,238,663,1521,1,531,565,34,Slow
2026352035,4/14/2016,3335,2.069999933,2.069999933,0,0,0,2.049999952,0,0,0,197,653,1431,1,545,568,23,Slow
2026352035,4/15/2016,3821,2.369999886,2.369999886,0,0,0,2.369999886,0,0,0,188,687,1444,1,523,573,50,Slow
2026352035,4/16/2016,2547,1.580000043,1.580000043,0,0,0,1.580000043,0,0,0,150,728,1373,1,524,567,43,Slow
2026352035,4/17/2016,838,0.519999981,0.519999981,0,0,0,0.519999981,0,0,0,60,1053,1214,1,437,498,61,Very Slow
2026352035,4/19/2016,2424,1.5,1.5,0,0,0,1.5,0,0,0,141,785,1356,1,498,540,42,Slow
2026352035,4/20/2016,7222,4.480000019,4.480000019,0,0,0,4.480000019,0,0,0,327,623,1667,1,461,510,49,Slow
2026352035,4/21/2016,2467,1.529999971,1.529999971,0,0,0,1.529999971,0,0,0,153,749,1370,1,477,514,37,Slow
2026352035,4/22/2016,2915,1.809999943,1.809999943,0,0,0,1.809999943,0,0,0,162,712,1399,1,520,545,25,Slow
2026352035,4/23/2016,12357,7.710000038,7.710000038,0,0,0,7.710000038,0,0,0,432,458,1916,1,522,554,32,Slow
2026352035,4/24/2016,3490,2.160000086,2.160000086,0,0,0,2.160000086,0,0,0,164,704,1401,1,555,591,36,Slow
2026352035,4/25/2016,6017,3.730000019,3.730000019,0,0,0,3.730000019,0,0,0,260,821,1576,1,506,531,25,Slow
2026352035,4/27/2016,6088,3.769999981,3.769999981,0,0,0,3.769999981,0,0,0,286,586,1593,1,508,545,37,Slow
2026352035,4/28/2016,6375,3.950000048,3.950000048,0,0,0,3.950000048,0,0,0,331,626,1649,1,513,545,32,Slow
2026352035,4/29/2016,7604,4.710000038,4.710000038,0,0,0,4.710000038,0,0,0,352,492,1692,1,490,510,20,Normal
2026352035,4/30/2016,4729,2.930000067,2.930000067,0,0,0,2.930000067,0,0,0,233,594,1506,1,573,607,34,Slow
2026352035,5/1/2016,3609,2.279999971,2.279999971,0,0,0,2.279999971,0,0,0,191,716,1447,1,527,546,19,Normal
2026352035,5/2/2016,7018,4.349999905,4.349999905,0,0,0,4.349999905,0,0,0,355,716,1690,1,511,543,32,Slow
2026352035,5/4/2016,6564,4.070000172,4.070000172,0,0,0,4.070000172,0,0,0,345,530,1658,1,538,560,22,Slow
2026352035,5/5/2016,12167,7.539999962,7.539999962,0,0,0,7.539999962,0,0,0,475,479,1926,1,468,485,17,Normal
2026352035,5/6/2016,8198,5.079999924,5.079999924,0,0,0,5.079999924,0,0,0,383,511,1736,1,524,548,24,Slow
2026352035,5/7/2016,4193,2.599999905,2.599999905,0,0,0,2.599999905,0,0,0,229,665,1491,1,511,521,10,Normal
2026352035,5/8/2016,5528,3.450000048,3.450000048,0,0,0,3.450000048,0,0,0,258,610,1555,1,541,568,27,Slow
2026352035,5/9/2016,10685,6.619999886,6.619999886,0,0,0,6.599999905,0,0,0,401,543,1869,1,531,556,25,Slow
2026352035,5/10/2016,254,0.159999996,0.159999996,0,0,0,0.159999996,0,0,0,17,1002,1141,1,357,380,23,Slow
2026352035,5/11/2016,8580,5.320000172,5.320000172,0,0,0,5.320000172,0,0,0,330,569,1698,1,523,553,30,Slow
2026352035,5/12/2016,8891,5.510000229,5.510000229,0,0,0,5.510000229,0,0,0,343,330,1364,1,456,485,29,Slow
2320127002,4/23/2016,5079,3.420000076,3.420000076,0,0,0,3.420000076,0,0,0,242,1129,1804,1,61,69,8,Fast
2347167796,4/13/2016,10352,7.010000229,7.010000229,0,1.659999967,1.940000057,3.410000086,0,19,32,195,676,2038,1,467,531,64,Very Slow
2347167796,4/14/2016,10129,6.699999809,6.699999809,0,0.02,2.74000001,3.940000057,0,1,48,206,705,2010,1,445,489,44,Slow
2347167796,4/15/2016,10465,6.920000076,6.920000076,0,0.07,1.419999957,5.429999828,0,1,24,284,720,2133,1,452,504,52,Slow
2347167796,4/17/2016,5472,3.619999886,3.619999886,0,0.079999998,0.280000001,3.25999999,0,1,7,249,508,1882,1,556,602,46,Slow
2347167796,4/18/2016,8247,5.449999809,5.449999809,0,0.790000021,0.860000014,3.789999962,0,11,16,206,678,1944,1,500,557,57,Slow
2347167796,4/19/2016,6711,4.440000057,4.440000057,0,0,0,4.440000057,0,0,7,382,648,2346,1,465,514,49,Slow
2347167796,4/21/2016,10080,6.75,6.75,0,1.850000024,1.529999971,3.380000114,0,23,26,208,761,2048,1,460,484,24,Slow
2347167796,4/22/2016,7804,5.159999847,5.159999847,0,0.560000002,1.679999948,2.920000076,0,9,27,206,781,1946,1,405,461,56,Slow
2347167796,4/23/2016,16901,11.36999989,11.36999989,0,2.779999971,1.450000048,7.150000095,0,32,35,360,591,2629,1,374,386,12,Normal
2347167796,4/24/2016,9471,6.260000229,6.260000229,0,0,0,6.260000229,0,0,0,360,584,2187,1,442,459,17,Normal
2347167796,4/25/2016,9482,6.380000114,6.380000114,0,1.269999981,0.519999981,4.599999905,0,15,11,277,653,2095,1,433,471,38,Slow
2347167796,4/26/2016,5980,3.950000048,3.950000048,0,0,0,3.950000048,0,0,0,227,732,1861,1,436,490,54,Slow
2347167796,4/27/2016,11423,7.579999924,7.579999924,0,1.860000014,0.400000006,5.320000172,0,26,9,295,623,2194,1,448,499,51,Slow
2347167796,4/28/2016,5439,3.599999905,3.599999905,0,0,0,3.599999905,0,0,0,229,764,1854,1,408,450,42,Slow
2347167796,4/29/2016,42,0.029999999,0.029999999,0,0,0,0.029999999,0,0,0,4,2,403,1,411,473,62,Very Slow
3977333714,4/12/2016,8856,5.980000019,5.980000019,0,3.059999943,0.910000026,2.00999999,0,44,19,131,777,1450,1,274,469,195,Very Slow
3977333714,4/13/2016,10035,6.710000038,6.710000038,0,2.029999971,2.130000114,2.549999952,0,31,46,153,754,1495,2,295,456,161,Very Slow
3977333714,4/14/2016,7641,5.110000134,5.110000134,0,0.319999993,0.970000029,3.819999933,0,5,23,214,801,1433,1,291,397,106,Very Slow
3977333714,4/15/2016,9010,6.059999943,6.059999943,0,1.049999952,1.75,3.25999999,0,15,42,183,644,1468,1,424,556,132,Very Slow
3977333714,4/16/2016,13459,9,9,0,2.029999971,4,2.970000029,0,31,83,153,663,1625,1,283,510,227,Very Slow
3977333714,4/17/2016,10415,6.96999979,6.96999979,0,0.699999988,2.349999905,3.920000076,0,11,58,205,600,1529,1,381,566,185,Very Slow
3977333714,4/18/2016,11663,7.800000191,7.800000191,0,0.25,3.730000019,3.819999933,0,4,95,214,605,1584,2,412,522,110,Very Slow
3977333714,4/19/2016,12414,8.779999733,8.779999733,0,2.24000001,2.450000048,3.960000038,0,19,67,221,738,1638,1,219,395,176,Very Slow
3977333714,4/20/2016,11658,7.829999924,7.829999924,0,0.200000003,4.349999905,3.279999971,0,2,98,164,845,1554,2,152,305,153,Very Slow
3977333714,4/21/2016,6093,4.079999924,4.079999924,0,0,0,4.059999943,0,0,0,242,712,1397,1,332,512,180,Very Slow
3977333714,4/22/2016,8911,5.960000038,5.960000038,0,2.329999924,0.579999983,3.059999943,0,33,12,188,731,1481,1,355,476,121,Very Slow
3977333714,4/23/2016,12058,8.069999695,8.069999695,0,0,4.21999979,3.849999905,0,0,92,252,724,1638,1,235,372,137,Very Slow
3977333714,4/24/2016,14112,10,10,0,3.269999981,4.559999943,2.170000076,0,30,95,129,660,1655,1,310,526,216,Very Slow
3977333714,4/25/2016,11177,8.479999542,8.479999542,0,5.619999886,0.430000007,2.410000086,0,50,9,133,781,1570,1,262,467,205,Very Slow
3977333714,4/26/2016,11388,7.619999886,7.619999886,0,0.449999988,4.21999979,2.950000048,0,7,95,170,797,1551,1,250,371,121,Very Slow
3977333714,4/27/2016,7193,5.039999962,5.039999962,0,0,0.419999987,4.619999886,0,0,10,176,714,1377,1,349,540,191,Very Slow
3977333714,4/28/2016,7114,4.880000114,4.880000114,0,1.370000005,0.289999992,3.220000029,0,15,8,190,804,1407,1,261,423,162,Very Slow
3977333714,4/29/2016,10645,7.75,7.75,0,3.74000001,1.299999952,2.710000038,0,36,32,150,744,1545,1,333,478,145,Very Slow
3977333714,4/30/2016,13238,9.199999809,9.199999809,0,3.690000057,2.099999905,3.410000086,0,43,52,194,687,1650,1,237,382,145,Very Slow
3977333714,5/1/2016,10414,7.070000172,7.070000172,0,2.670000076,1.980000019,2.410000086,0,41,40,124,691,1501,1,383,626,243,Very Slow
3977333714,5/2/2016,16520,11.05000019,11.05000019,0,1.539999962,6.480000019,3.019999981,0,24,143,176,713,1760,1,230,384,154,Very Slow
3977333714,5/3/2016,14335,9.590000153,9.590000153,0,3.319999933,1.74000001,4.53000021,0,47,41,258,594,1710,1,292,500,208,Very Slow
3977333714,5/4/2016,13559,9.43999958,9.43999958,0,1.809999943,4.579999924,2.890000105,0,14,96,142,852,1628,1,213,336,123,Very Slow
3977333714,5/5/2016,12312,8.579999924,8.579999924,0,1.75999999,4.110000134,2.710000038,0,14,88,178,680,1618,1,318,480,162,Very Slow
3977333714,5/6/2016,11677,8.279999733,8.279999733,0,3.109999895,2.50999999,2.670000076,0,29,55,168,676,1590,1,323,512,189,Very Slow
3977333714,5/7/2016,11550,7.730000019,7.730000019,0,0,4.130000114,3.589999914,0,0,86,208,703,1574,1,237,443,206,Very Slow
3977333714,5/8/2016,13585,9.090000153,9.090000153,0,0.680000007,5.239999771,3.170000076,0,9,116,171,688,1633,2,259,456,197,Very Slow
3977333714,5/10/2016,13072,8.779999733,8.779999733,0,0.07,5.400000095,3.309999943,0,1,115,196,676,1630,1,312,452,140,Very Slow
4020332650,4/12/2016,8539,6.119999886,6.119999886,0,0.150000006,0.239999995,5.679999828,0,4,15,331,712,3654,1,501,541,40,Slow
4020332650,4/16/2016,1982,1.419999957,1.419999957,0,0.449999988,0.370000005,0.589999974,0,65,21,55,1222,3051,1,77,77,0,Fast
4020332650,5/3/2016,4496,3.220000029,3.220000029,0,0,0,3.150000095,0.050000001,0,0,174,950,2828,1,322,332,10,Normal
4020332650,5/4/2016,10252,7.349999905,7.349999905,0,0.670000017,1.039999962,5.579999924,0,13,46,346,531,3879,1,478,536,58,Slow
4020332650,5/5/2016,11728,8.430000305,8.430000305,0,2.619999886,1.679999948,4.039999962,0.07,38,42,196,916,3429,1,226,248,22,Slow
4020332650,5/6/2016,4369,3.130000114,3.130000114,0,0,0,3.099999905,0.01,0,0,177,855,2704,1,385,408,23,Slow
4020332650,5/8/2016,5862,4.199999809,4.199999809,0,0,0,4.150000095,0,0,0,263,775,3089,1,364,402,38,Slow
4020332650,5/10/2016,5546,3.980000019,3.980000019,0,0,0,3.869999886,0.039999999,0,0,206,774,2926,1,442,494,52,Slow
4319703577,4/14/2016,10210,6.880000114,6.880000114,0,0.109999999,0.330000013,6.440000057,0,1,9,339,589,2302,1,535,557,22,Slow
4319703577,4/15/2016,5664,3.799999952,3.799999952,0,0,0,3.799999952,0,0,0,228,752,1985,1,465,491,26,Slow
4319703577,4/16/2016,4744,3.180000067,3.180000067,0,0,0,3.180000067,0,0,0,194,724,1884,1,506,522,16,Normal
4319703577,4/18/2016,2276,1.549999952,1.549999952,0,0.07,0.330000013,1.120000005,0,1,9,58,824,1632,1,515,551,36,Slow
4319703577,4/19/2016,8925,5.989999771,5.989999771,0,0,0,5.989999771,0,0,0,311,604,2200,2,461,498,37,Slow
4319703577,4/20/2016,8954,6.010000229,6.010000229,0,0,0.680000007,5.309999943,0,0,18,306,671,2220,1,523,543,20,Normal
4319703577,4/21/2016,3702,2.480000019,2.480000019,0,0,0,0.349999994,0,0,0,34,1265,1792,1,59,65,6,Fast
4319703577,4/22/2016,4500,3.019999981,3.019999981,0,0.059999999,0.810000002,2.150000095,0,1,19,176,709,1886,1,533,550,17,Normal
4319703577,4/23/2016,4935,3.309999943,3.309999943,0,0,0,3.309999943,0,0,0,233,546,1945,1,692,722,30,Slow
4319703577,4/24/2016,4081,2.74000001,2.74000001,0,0.059999999,0.200000003,2.470000029,0,1,5,191,692,1880,1,467,501,34,Slow
4319703577,4/25/2016,9259,6.210000038,6.210000038,0,0,0.280000001,5.929999828,0,0,8,390,544,2314,1,488,506,18,Normal
4319703577,4/26/2016,9899,6.639999866,6.639999866,0,0.569999993,0.920000017,5.150000095,0,8,21,288,649,2236,1,505,516,11,Normal
4319703577,4/27/2016,10780,7.230000019,7.230000019,0,0.409999996,1.919999957,4.909999847,0,6,47,300,680,2324,1,286,307,21,Slow
4319703577,4/28/2016,10817,7.28000021,7.28000021,0,1.00999999,0.330000013,5.940000057,0,13,8,359,552,2367,1,497,522,25,Slow
4319703577,4/29/2016,7990,5.360000134,5.360000134,0,0.449999988,0.790000021,4.119999886,0,6,18,289,624,2175,1,523,546,23,Slow
4319703577,4/30/2016,8221,5.519999981,5.519999981,0,0.400000006,1.610000014,3.50999999,0,6,38,196,695,2092,1,490,516,26,Slow
4319703577,5/1/2016,1251,0.839999974,0.839999974,0,0,0,0.839999974,0,0,0,67,836,1593,1,484,500,16,Normal
4319703577,5/2/2016,9261,6.239999771,6.239999771,0,0,0.439999998,5.710000038,0,0,11,344,585,2270,1,478,506,28,Slow
4319703577,5/3/2016,9648,6.46999979,6.46999979,0,0.579999983,1.070000052,4.829999924,0,8,26,287,669,2235,1,474,512,38,Slow
4319703577,5/6/2016,9524,6.420000076,6.420000076,0,0.409999996,0.469999999,5.460000038,0,6,11,314,692,2266,1,450,491,41,Slow
4319703577,5/7/2016,7937,5.329999924,5.329999924,0,0.189999998,1.049999952,4.079999924,0,3,28,279,586,2158,1,507,530,23,Slow
4319703577,5/8/2016,3672,2.460000038,2.460000038,0,0,0,2.460000038,0,0,0,153,603,1792,1,602,638,36,Slow
4319703577,5/9/2016,10378,6.960000038,6.960000038,0,0.140000001,0.560000002,6.25,0,2,14,374,490,2345,1,535,565,30,Slow
4319703577,5/10/2016,9487,6.369999886,6.369999886,0,0.209999993,0.460000008,5.699999809,0,3,12,329,555,2260,1,487,517,30,Slow
4319703577,5/11/2016,9129,6.130000114,6.130000114,0,0.200000003,0.74000001,5.179999828,0,3,18,311,574,2232,1,529,558,29,Slow
4319703577,5/12/2016,17,0.01,0.01,0,0,0,0.01,0,0,0,2,0,257,1,302,321,19,Normal
4388161847,4/15/2016,8758,6.730000019,6.730000019,0,0,0,6.730000019,0,0,0,299,837,3066,1,499,526,27,Slow
4388161847,4/16/2016,6580,5.059999943,5.059999943,0,0.209999993,0.400000006,4.449999809,0,6,9,253,609,3073,2,426,448,22,Slow
4388161847,4/17/2016,4660,3.579999924,3.579999924,0,0,0,3.579999924,0,0,0,201,721,2572,2,619,641,22,Slow
4388161847,4/18/2016,11009,9.100000381,9.100000381,0,3.559999943,0.400000006,5.139999866,0,27,8,239,1017,3274,1,99,104,5,Fast
4388161847,4/19/2016,10181,7.829999924,7.829999924,0,1.370000005,0.689999998,5.769999981,0,20,16,249,704,3015,1,329,338,9,Fast
4388161847,4/20/2016,10553,8.119999886,8.119999886,0,1.100000024,1.720000029,5.289999962,0,19,42,228,696,3083,1,421,451,30,Slow
4388161847,4/21/2016,10055,7.730000019,7.730000019,0,0.370000005,0.389999986,6.980000019,0,7,12,272,853,3069,1,442,458,16,Normal
4388161847,4/22/2016,12139,9.340000153,9.340000153,0,3.299999952,1.110000014,4.920000076,0,77,25,220,945,3544,1,82,85,3,Fast
4388161847,4/23/2016,13236,10.18000031,10.18000031,0,4.5,0.319999993,5.349999905,0,58,5,215,749,3306,1,478,501,23,Slow
4388161847,4/24/2016,10243,7.880000114,7.880000114,0,1.080000043,0.50999999,6.300000191,0,14,8,239,584,2885,3,552,595,43,Slow
4388161847,4/26/2016,9461,7.28000021,7.28000021,0,0.939999998,1.059999943,5.269999981,0,14,23,224,673,2929,1,319,346,27,Slow
4388161847,4/27/2016,11193,8.609999657,8.609999657,0,0.699999988,2.50999999,5.389999866,0,11,48,241,684,3074,1,439,500,61,Very Slow
4388161847,4/28/2016,10074,7.75,7.75,0,1.289999962,0.430000007,6.03000021,0,19,9,234,878,2969,1,428,458,30,Slow
4388161847,4/30/2016,12533,9.640000343,9.640000343,0,0.699999988,2,6.940000057,0,14,43,300,537,3283,2,409,430,21,Slow
4388161847,5/1/2016,10255,7.889999866,7.889999866,0,1.00999999,0.680000007,6.199999809,0,12,15,241,579,2926,1,547,597,50,Slow
4388161847,5/2/2016,10096,8.399999619,8.399999619,0,3.769999981,0.079999998,4.550000191,0,33,4,204,935,3147,2,368,376,8,Fast
4388161847,5/4/2016,12375,9.520000458,9.520000458,0,2.789999962,0.930000007,5.800000191,0,35,21,251,632,3162,1,390,414,24,Slow
4388161847,5/5/2016,9603,7.380000114,7.380000114,0,0.629999995,1.669999957,5.090000153,0,12,39,199,896,2899,1,471,495,24,Slow
4388161847,5/7/2016,22770,17.54000092,17.54000092,0,9.449999809,2.769999981,5.329999924,0,120,56,260,508,4022,1,472,496,24,Slow
4388161847,5/8/2016,17298,14.38000011,14.38000011,0,9.890000343,1.25999999,3.230000019,0,107,38,178,576,3934,2,529,541,12,Normal
4388161847,5/9/2016,10218,7.860000134,7.860000134,0,0.340000004,0.730000019,6.789999962,0,6,19,258,1020,3013,1,62,65,3,Fast
4388161847,5/10/2016,10299,7.920000076,7.920000076,0,0.810000002,0.649999976,6.460000038,0,13,14,267,648,3061,1,354,375,21,Slow
4388161847,5/11/2016,10201,7.840000153,7.840000153,0,0.529999971,0.790000021,6.53000021,0,8,18,256,858,2954,1,469,494,25,Slow
4445114986,4/12/2016,3276,2.200000048,2.200000048,0,0,0,2.200000048,0,0,0,196,787,2113,2,429,457,28,Slow
4445114986,4/13/2016,2961,1.99000001,1.99000001,0,0,0,1.99000001,0,0,0,194,840,2095,2,370,406,36,Slow
4445114986,4/14/2016,3974,2.670000076,2.670000076,0,0,0,2.670000076,0,0,0,231,717,2194,1,441,492,51,Slow
4445114986,4/15/2016,7198,4.829999924,4.829999924,0,0,0,4.829999924,0,0,0,350,711,2496,2,337,379,42,Slow
4445114986,4/16/2016,3945,2.650000095,2.650000095,0,0,0,2.650000095,0,0,0,225,716,2180,1,462,499,37,Slow
4445114986,4/17/2016,2268,1.519999981,1.519999981,0,0,0,1.519999981,0,0,0,114,1219,1933,1,98,107,9,Fast
4445114986,4/19/2016,2064,1.389999986,1.389999986,0,0,0,1.389999986,0,0,0,121,895,1954,2,388,424,36,Slow
4445114986,4/20/2016,2072,1.389999986,1.389999986,0,0,0,1.389999986,0,0,0,137,841,1974,1,439,462,23,Slow
4445114986,4/21/2016,3809,2.559999943,2.559999943,0,0,0,2.539999962,0,0,0,215,756,2150,1,436,469,33,Slow
4445114986,4/22/2016,6831,4.579999924,4.579999924,0,0,0,4.579999924,0,0,0,317,706,2432,1,388,417,29,Slow
4445114986,4/25/2016,3385,2.269999981,2.269999981,0,0,0,2.269999981,0,0,0,179,916,2070,1,328,345,17,Normal
4445114986,4/26/2016,6326,4.409999847,4.409999847,0,2.410000086,0.039999999,1.960000038,0,29,1,180,839,2291,2,353,391,38,Slow
4445114986,4/27/2016,7243,5.03000021,5.03000021,0,2.619999886,0.029999999,2.380000114,0,32,1,194,839,2361,1,332,374,42,Slow
4445114986,4/28/2016,4493,3.00999999,3.00999999,0,0,0,3.00999999,0,0,0,236,762,2203,1,419,442,23,Slow
4445114986,4/29/2016,4676,3.140000105,3.140000105,0,0,0,3.130000114,0,0,0,226,1106,2196,1,106,108,2,Fast
4445114986,4/30/2016,6222,4.179999828,4.179999828,0,0,0,4.179999828,0,0,0,290,797,2363,1,322,353,31,Slow
4445114986,5/1/2016,5232,3.50999999,3.50999999,0,0,0,3.50999999,0,0,0,240,741,2246,2,439,459,20,Normal
4445114986,5/2/2016,6910,4.75,4.75,0,2.210000038,0.189999998,2.349999905,0,27,4,200,667,2336,1,502,542,40,Slow
4445114986,5/3/2016,7502,5.179999828,5.179999828,0,2.480000019,0.109999999,2.579999924,0,30,2,233,725,2421,2,417,450,33,Slow
4445114986,5/4/2016,2923,1.960000038,1.960000038,0,0,0,1.960000038,0,0,0,180,897,2070,2,337,363,26,Slow
4445114986,5/5/2016,3800,2.549999952,2.549999952,0,0.119999997,0.239999995,2.180000067,0,2,6,185,734,2120,2,462,513,51,Slow
4445114986,5/6/2016,4514,3.029999971,3.029999971,0,0,0,3.029999971,0,0,0,229,809,2211,2,374,402,28,Slow
4445114986,5/7/2016,5183,3.589999914,3.589999914,0,2.130000114,0.189999998,1.25,0,26,4,108,866,2123,2,401,436,35,Slow
4445114986,5/8/2016,7303,4.900000095,4.900000095,0,0,0.25,4.650000095,0,0,8,308,733,2423,1,361,391,30,Slow
4445114986,5/9/2016,5275,3.539999962,3.539999962,0,0,0,3.539999962,0,0,0,266,641,2281,1,457,533,76,Very Slow
4445114986,5/10/2016,3915,2.630000114,2.630000114,0,0,0,2.630000114,0,0,0,231,783,2181,1,405,426,21,Slow
4445114986,5/11/2016,9105,6.110000134,6.110000134,0,2.25,1,2.859999895,0,34,22,232,622,2499,1,499,530,31,Slow
4445114986,5/12/2016,768,0.519999981,0.519999981,0,0,0,0.519999981,0,0,0,58,380,1212,1,483,501,18,Normal
4558609924,4/21/2016,13743,9.079999924,9.079999924,0,0.419999987,0.970000029,7.699999809,0,6,21,432,844,2486,1,126,137,11,Normal
4558609924,4/26/2016,9148,6.050000191,6.050000191,0,0.430000007,2.029999971,3.589999914,0,12,41,283,1062,2223,1,103,121,18,Normal
4558609924,4/29/2016,7833,5.179999828,5.179999828,0,1.019999981,1.850000024,2.309999943,0,15,29,197,1096,1918,1,171,179,8,Fast
4558609924,5/1/2016,3428,2.269999981,2.269999981,0,0,0,2.269999981,0,0,0,190,1121,1692,1,115,129,14,Normal
4558609924,5/8/2016,6543,4.329999924,4.329999924,0,1.799999952,0.5,2.019999981,0,66,35,238,1019,2666,1,123,134,11,Normal
4702921684,4/12/2016,7213,5.880000114,5.880000114,0,0,0,5.849999905,0,0,0,263,718,2947,1,425,439,14,Normal
4702921684,4/13/2016,6877,5.579999924,5.579999924,0,0,0,5.579999924,0,0,0,258,777,2898,2,400,430,30,Slow
4702921684,4/14/2016,7860,6.369999886,6.369999886,0,0,0,6.369999886,0,0,0,271,772,2984,1,384,415,31,Slow
4702921684,4/15/2016,6506,5.28000021,5.28000021,0,0.07,0.419999987,4.789999962,0,1,8,256,944,2896,1,253,257,4,Fast
4702921684,4/16/2016,11140,9.029999733,9.029999733,0,0.239999995,1.25,7.539999962,0,3,24,335,556,3328,2,382,406,24,Slow
4702921684,4/17/2016,12692,10.28999996,10.28999996,0,0.959999979,3.460000038,5.880000114,0,12,66,302,437,3394,1,591,612,21,Slow
4702921684,4/18/2016,9105,7.380000114,7.380000114,0,1.820000052,1.49000001,4.070000172,0,22,30,191,890,3013,1,293,312,19,Normal
4702921684,4/19/2016,6708,5.440000057,5.440000057,0,0.879999995,0.370000005,4.190000057,0,10,8,179,757,2812,1,457,487,30,Slow
4702921684,4/20/2016,8793,7.130000114,7.130000114,0,0.159999996,1.230000019,5.730000019,0,2,29,260,717,3061,1,454,468,14,Normal
4702921684,4/21/2016,6530,5.300000191,5.300000191,0,0.310000002,2.049999952,2.940000057,0,4,41,144,901,2729,1,425,434,9,Fast
4702921684,4/23/2016,15126,12.27000046,12.27000046,0,0.75999999,3.24000001,8.270000458,0,9,66,408,469,3691,1,465,475,10,Normal
4702921684,4/24/2016,15050,12.22000027,12.22000027,0,1.200000048,5.119999886,5.880000114,0,15,95,281,542,3538,1,480,506,26,Slow
4702921684,4/25/2016,9167,7.429999828,7.429999828,0,0.49000001,0.819999993,6.110000134,0,6,15,270,730,3064,1,370,380,10,Normal
4702921684,4/26/2016,6108,4.949999809,4.949999809,0,0.07,0.349999994,4.539999962,0,1,8,216,765,2784,1,421,429,8,Fast
4702921684,4/27/2016,7047,5.71999979,5.71999979,0,0.090000004,0.800000012,4.78000021,0,1,16,238,733,2908,1,432,449,17,Normal
4702921684,4/28/2016,9023,7.320000172,7.320000172,0,1.129999995,0.419999987,5.769999981,0,14,9,232,738,3033,1,442,461,19,Normal
4702921684,4/29/2016,9930,8.050000191,8.050000191,0,1.059999943,0.920000017,6.070000172,0,12,19,267,692,3165,1,433,447,14,Normal
4702921684,4/30/2016,10144,8.229999542,8.229999542,0,0.319999993,2.029999971,5.880000114,0,4,36,263,728,3115,1,479,501,22,Slow
4702921684,5/3/2016,9454,7.670000076,7.670000076,0,0,0,7.670000076,0,0,0,313,729,3145,1,327,373,46,Slow
4702921684,5/4/2016,8161,6.619999886,6.619999886,0,0.340000004,0.730000019,5.539999962,0,4,15,251,757,3004,1,412,434,22,Slow
4702921684,5/5/2016,8614,6.989999771,6.989999771,0,0.670000017,0.219999999,6.090000153,0,8,5,241,745,3006,1,414,428,14,Normal
4702921684,5/6/2016,6943,5.630000114,5.630000114,0,0.079999998,0.660000026,4.869999886,0,1,16,207,682,2859,1,404,449,45,Slow
4702921684,5/7/2016,14370,11.64999962,11.64999962,0,0.370000005,2.309999943,8.970000267,0,5,46,439,577,3683,1,520,543,23,Slow
4702921684,5/9/2016,8232,6.679999828,6.679999828,0,0,0.569999993,6.099999905,0,0,12,253,746,2990,1,435,458,23,Slow
4702921684,5/10/2016,10613,8.609999657,8.609999657,0,0.079999998,1.879999995,6.650000095,0,1,37,262,701,3172,1,416,431,15,Normal
4702921684,5/11/2016,9810,7.960000038,7.960000038,0,0.779999971,2.160000086,4.980000019,0,10,41,235,784,3069,1,354,366,12,Normal
4702921684,5/12/2016,2752,2.230000019,2.230000019,0,0,0,2.230000019,0,0,0,68,241,1240,1,404,442,38,Slow
5553957443,4/12/2016,11596,7.570000172,7.570000172,0,1.370000005,0.790000021,5.409999847,0,19,13,277,767,2026,1,441,464,23,Slow
5553957443,4/13/2016,4832,3.160000086,3.160000086,0,0,0,3.160000086,0,0,0,226,647,1718,2,455,488,33,Slow
5553957443,4/14/2016,17022,11.11999989,11.11999989,0,4,2.450000048,4.670000076,0,61,41,256,693,2324,1,357,418,61,Very Slow
5553957443,4/15/2016,16556,10.85999966,10.85999966,0,4.159999847,1.980000019,4.710000038,0,58,38,239,689,2254,1,377,409,32,Slow
5553957443,4/16/2016,5771,3.769999981,3.769999981,0,0,0,3.769999981,0,0,0,288,521,1831,2,651,686,35,Slow
5553957443,4/17/2016,655,0.430000007,0.430000007,0,0,0,0.430000007,0,0,0,46,943,1397,1,350,402,52,Slow
5553957443,4/18/2016,3727,2.430000067,2.430000067,0,0,0,2.430000067,0,0,0,206,622,1683,2,520,541,21,Slow
5553957443,4/19/2016,15482,10.10999966,10.10999966,0,4.28000021,1.659999967,4.179999828,0,69,28,249,756,2284,1,357,410,53,Slow
5553957443,4/20/2016,2713,1.769999981,1.769999981,0,0,0,1.769999981,0,0,0,148,598,1570,1,658,678,20,Normal
5553957443,4/21/2016,12346,8.06000042,8.06000042,0,2.950000048,2.160000086,2.960000038,0,47,42,177,801,2066,1,399,431,32,Slow
5553957443,4/22/2016,11682,7.630000114,7.630000114,0,1.379999995,0.629999995,5.599999905,0,25,16,270,781,2105,1,322,353,31,Slow
5553957443,4/23/2016,4112,2.690000057,2.690000057,0,0,0,2.680000067,0,0,0,272,443,1776,2,631,725,94,Very Slow
5553957443,4/24/2016,1807,1.179999948,1.179999948,0,0,0,1.179999948,0,0,0,104,582,1507,2,553,640,87,Very Slow
5553957443,4/25/2016,10946,7.190000057,7.190000057,0,2.930000067,0.569999993,3.690000057,0,51,11,201,732,2033,1,433,468,35,Slow
5553957443,4/26/2016,11886,7.760000229,7.760000229,0,2.369999886,0.930000007,4.460000038,0,40,18,238,750,2093,1,412,453,41,Slow
5553957443,4/27/2016,10538,6.880000114,6.880000114,0,1.139999986,1,4.739999771,0,16,16,206,745,1922,1,347,391,44,Slow
5553957443,4/28/2016,11393,7.630000114,7.630000114,0,3.710000038,0.75,3.170000076,0,49,13,165,727,1999,1,421,457,36,Slow
5553957443,4/29/2016,12764,8.329999924,8.329999924,0,2.789999962,0.639999986,4.909999847,0,46,15,270,709,2169,1,450,495,45,Slow
5553957443,4/30/2016,1202,0.779999971,0.779999971,0,0,0,0.779999971,0,0,0,84,506,1463,2,775,843,68,Very Slow
5553957443,5/1/2016,5164,3.369999886,3.369999886,0,0,0,3.369999886,0,0,0,237,436,1747,2,622,686,64,Very Slow
5553957443,5/2/2016,9769,6.380000114,6.380000114,0,1.059999943,0.409999996,4.900000095,0,23,9,227,724,1996,1,409,471,62,Very Slow
5553957443,5/3/2016,12848,8.390000343,8.390000343,0,1.5,1.200000048,5.679999828,0,26,29,247,812,2116,1,380,429,49,Slow
5553957443,5/4/2016,4249,2.769999981,2.769999981,0,0,0,2.769999981,0,0,0,224,651,1698,1,447,470,23,Slow
5553957443,5/5/2016,14331,9.510000229,9.510000229,0,3.430000067,1.659999967,4.429999828,0,44,29,241,692,2156,1,419,464,45,Slow
5553957443,5/6/2016,9632,6.289999962,6.289999962,0,1.519999981,0.540000021,4.230000019,0,21,9,229,761,1916,1,400,434,34,Slow
5553957443,5/7/2016,1868,1.220000029,1.220000029,0,0,0,1.220000029,0,0,0,96,902,1494,1,442,470,28,Slow
5553957443,5/8/2016,6083,4,4,0,0.219999999,0.469999999,3.299999952,0,3,8,210,505,1762,1,568,608,40,Slow
5553957443,5/9/2016,11611,7.579999924,7.579999924,0,2.130000114,0.889999986,4.559999943,0,59,22,251,667,2272,1,453,494,41,Slow
5553957443,5/10/2016,16358,10.71000004,10.71000004,0,3.869999886,1.610000014,5.199999809,0,61,40,265,707,2335,1,418,443,25,Slow
5553957443,5/11/2016,4926,3.220000029,3.220000029,0,0,0,3.220000029,0,0,0,195,628,1693,1,463,486,23,Slow
5553957443,5/12/2016,3121,2.039999962,2.039999962,0,0.579999983,0.400000006,1.059999943,0,8,6,48,222,741,1,438,475,37,Slow
5577150313,4/12/2016,8135,6.079999924,6.079999924,0,3.599999905,0.379999995,2.099999905,0,86,16,140,728,3405,1,419,438,19,Normal
5577150313,4/13/2016,5077,3.789999962,3.789999962,0,0.319999993,0.219999999,3.25,0,15,11,144,776,2551,1,432,458,26,Slow
5577150313,4/14/2016,8596,6.420000076,6.420000076,0,3.329999924,0.310000002,2.779999971,0,118,30,176,662,4022,1,477,497,20,Normal
5577150313,4/15/2016,12087,9.079999924,9.079999924,0,3.920000076,1.600000024,3.559999943,0,115,54,199,695,4005,1,392,413,21,Slow
5577150313,4/16/2016,14269,10.65999985,10.65999985,0,6.639999866,1.279999971,2.730000019,0,184,56,158,472,4274,1,406,445,39,Slow
5577150313,4/17/2016,12231,9.140000343,9.140000343,0,5.980000019,0.829999983,2.319999933,0,200,37,159,525,4552,1,549,583,34,Slow
5577150313,4/18/2016,9893,7.389999866,7.389999866,0,4.860000134,0.720000029,1.820000052,0,114,32,130,623,3625,1,527,553,26,Slow
5577150313,4/19/2016,12574,9.420000076,9.420000076,0,7.019999981,0.639999986,1.75999999,0,108,23,111,733,3501,1,449,465,16,Normal
5577150313,4/20/2016,8330,6.21999979,6.21999979,0,4.119999886,0.340000004,1.75999999,0,87,16,113,773,3192,1,447,480,33,Slow
5577150313,4/21/2016,10830,8.090000153,8.090000153,0,3.650000095,1.659999967,2.779999971,0,110,74,175,670,4018,1,414,437,23,Slow
5577150313,4/22/2016,9172,6.849999905,6.849999905,0,2.420000076,0.790000021,3.299999952,0,62,30,200,823,3329,1,338,366,28,Slow
5577150313,4/23/2016,7638,5.710000038,5.710000038,0,1.210000038,0.360000014,4.139999866,0,24,24,223,627,3152,1,384,402,18,Normal
5577150313,4/24/2016,15764,11.77999973,11.77999973,0,7.650000095,2.150000095,1.980000019,0,210,65,141,425,4392,1,543,615,72,Very Slow
5577150313,4/25/2016,6393,4.78000021,4.78000021,0,1.350000024,0.670000017,2.75999999,0,61,38,214,743,3374,1,421,461,40,Slow
5577150313,4/26/2016,5325,3.980000019,3.980000019,0,0.850000024,0.649999976,2.470000029,0,38,32,181,759,3088,1,354,377,23,Slow
5577150313,4/27/2016,6805,5.139999866,5.139999866,0,1.809999943,0.400000006,2.930000067,0,63,16,190,773,3294,1,424,452,28,Slow
5577150313,4/28/2016,9841,7.429999828,7.429999828,0,3.25,1.169999957,3.00999999,0,99,51,141,692,3580,1,361,372,11,Normal
5577150313,4/29/2016,7924,5.920000076,5.920000076,0,2.839999914,0.610000014,2.470000029,0,97,36,165,739,3544,1,459,485,26,Slow
5577150313,4/30/2016,12363,9.239999771,9.239999771,0,5.829999924,0.790000021,2.609999895,0,207,45,163,621,4501,1,412,433,21,Slow
5577150313,5/1/2016,13368,9.989999771,9.989999771,0,5.309999943,1.440000057,3.24000001,0,194,72,178,499,4546,1,379,398,19,Normal
5577150313,5/2/2016,7439,5.559999943,5.559999943,0,1.120000005,0.349999994,4.070000172,0,37,20,235,732,3014,2,525,553,28,Slow
5577150313,5/3/2016,11045,8.25,8.25,0,4.519999981,0.150000006,3.569999933,0,97,8,212,580,3795,1,508,543,35,Slow
5577150313,5/4/2016,5206,3.890000105,3.890000105,0,1.559999943,0.25,2.079999924,0,25,9,141,631,2755,1,603,634,31,Slow
5577150313,5/5/2016,7550,5.639999866,5.639999866,0,2.5,0.469999999,2.670000076,0,45,21,143,1153,3004,1,74,78,4,Fast
5577150313,5/10/2016,8869,6.650000095,6.650000095,0,2.559999943,0.75,3.349999905,0,104,37,194,639,3841,1,504,562,58,Slow
5577150313,5/11/2016,4038,3.039999962,3.039999962,0,1.830000043,0.300000012,0.889999986,0,45,15,63,257,1665,1,431,476,45,Slow
6117666160,4/16/2016,14450,10.90999985,10.90999985,0,0.579999983,0.850000024,9.479999542,0,7,15,518,502,2828,1,380,398,18,Normal
6117666160,4/17/2016,7150,5.400000095,5.400000095,0,0,0,5.400000095,0,0,0,312,702,2225,2,336,350,14,Normal
6117666160,4/18/2016,5153,3.910000086,3.910000086,0,0,0,3.890000105,0,0,0,241,759,2018,2,493,510,17,Normal
6117666160,4/19/2016,11135,8.409999847,8.409999847,0,0,0,8.409999847,0,0,0,480,425,2606,1,465,492,27,Slow
6117666160,4/20/2016,10449,8.020000458,8.020000458,0,2.029999971,0.479999989,5.519999981,0,26,10,349,587,2536,1,474,502,28,Slow
6117666160,4/21/2016,19542,15.01000023,15.01000023,0,0.980000019,0.400000006,5.619999886,0,11,19,294,579,4900,1,508,550,42,Slow
6117666160,4/22/2016,8206,6.199999809,6.199999809,0,0,0,6.199999809,0,0,0,402,413,2409,1,480,546,66,Very Slow
6117666160,4/23/2016,11495,8.680000305,8.680000305,0,0,0,8.680000305,0,0,0,512,468,2651,1,492,539,47,Slow
6117666160,4/24/2016,7623,5.760000229,5.760000229,0,0,0,5.760000229,0,0,0,362,711,2305,1,353,367,14,Normal
6117666160,4/27/2016,9411,7.110000134,7.110000134,0,0,0,7.110000134,0,0,0,458,417,2576,1,542,557,15,Normal
6117666160,4/28/2016,3403,2.599999905,2.599999905,0,0,0,2.599999905,0,0,0,141,758,1879,1,393,416,23,Slow
6117666160,4/29/2016,9592,7.239999771,7.239999771,0,0,0,7.239999771,0,0,0,461,479,2560,1,600,636,36,Slow
6117666160,5/1/2016,8915,6.730000019,6.730000019,0,0,0,6.730000019,0,0,0,397,525,2361,1,507,575,68,Very Slow
6117666160,5/5/2016,9799,7.400000095,7.400000095,0,0,0,7.400000095,0,0,0,487,479,2636,1,392,415,23,Slow
6117666160,5/6/2016,3365,2.680000067,2.680000067,0,0,0,2.680000067,0,0,0,133,673,1838,2,658,698,40,Slow
6117666160,5/7/2016,7336,5.539999962,5.539999962,0,0,0,5.539999962,0,0,0,412,456,2469,2,498,507,9,Fast
6117666160,5/8/2016,7328,5.53000021,5.53000021,0,0,0,5.53000021,0,0,0,318,517,2250,1,555,603,48,Slow
6117666160,5/9/2016,4477,3.380000114,3.380000114,0,0,0,3.380000114,0,0,0,197,125,1248,1,492,522,30,Slow
6775888955,4/13/2016,4053,2.910000086,2.910000086,0,1.110000014,0.579999983,1.220000029,0,17,18,85,1053,2400,1,235,260,25,Slow
6775888955,4/14/2016,5162,3.700000048,3.700000048,0,0.870000005,0.860000014,1.970000029,0,14,24,105,863,2507,1,423,441,18,Normal
6775888955,4/15/2016,1282,0.920000017,0.920000017,0,0,0,0.920000017,0,0,0,58,976,2127,1,391,406,15,Normal
6962181067,4/12/2016,10199,6.739999771,6.739999771,0,3.400000095,0.829999983,2.50999999,0,50,14,189,796,1994,1,366,387,21,Slow
6962181067,4/13/2016,5652,3.74000001,3.74000001,0,0.569999993,1.210000038,1.960000038,0,8,24,142,548,1718,3,630,679,49,Slow
6962181067,4/14/2016,1551,1.029999971,1.029999971,0,0,0,1.029999971,0,0,0,86,862,1466,2,508,535,27,Slow
6962181067,4/15/2016,5563,3.680000067,3.680000067,0,0,0,3.680000067,0,0,0,217,837,1756,1,370,386,16,Normal
6962181067,4/16/2016,13217,8.739999771,8.739999771,0,3.660000086,0.189999998,4.880000114,0,50,3,280,741,2173,1,357,366,9,Fast
6962181067,4/17/2016,10145,6.710000038,6.710000038,0,0.330000013,0.680000007,5.690000057,0,5,13,295,634,2027,1,427,446,19,Normal
6962181067,4/18/2016,11404,7.539999962,7.539999962,0,0.829999983,2.390000105,4.320000172,0,13,42,238,689,2039,1,442,458,16,Normal
6962181067,4/19/2016,10742,7.099999905,7.099999905,0,2.099999905,2.130000114,2.869999886,0,35,41,195,659,2046,1,476,535,59,Slow
6962181067,4/20/2016,13928,9.550000191,9.550000191,0,4.28000021,0.189999998,5.090000153,0,48,4,297,639,2174,1,418,424,6,Fast
6962181067,4/21/2016,11835,9.710000038,7.880000114,4.081692219,3.99000001,2.099999905,3.50999999,0.109999999,53,27,214,708,2179,1,451,457,6,Fast
6962181067,4/22/2016,10725,7.090000153,7.090000153,0,1.769999981,1.549999952,3.769999981,0,30,33,240,659,2086,1,425,435,10,Normal
6962181067,4/23/2016,20031,13.23999977,13.23999977,0,4.199999809,2,7.039999962,0,58,41,347,484,2571,1,528,546,18,Normal
6962181067,4/24/2016,5029,3.319999933,3.319999933,0,0,0,3.319999933,0,0,0,199,720,1705,1,511,514,3,Fast
6962181067,4/25/2016,13239,9.270000458,9.079999924,2.785175085,3.019999981,1.679999948,4.460000038,0.100000001,35,31,282,637,2194,1,400,415,15,Normal
6962181067,4/26/2016,10433,6.900000095,6.900000095,0,2.579999924,0.419999987,3.900000095,0,36,7,254,680,2012,1,441,446,5,Fast
6962181067,4/27/2016,10320,6.820000172,6.820000172,0,0.550000012,2.019999981,4.25,0,7,38,279,697,2034,1,455,467,12,Normal
6962181067,4/28/2016,12627,8.350000381,8.350000381,0,2.50999999,0.239999995,5.590000153,0,38,8,288,621,2182,1,440,453,13,Normal
6962181067,4/29/2016,10762,7.110000134,7.110000134,0,0.819999993,0.479999989,5.809999943,0,12,15,369,645,2254,1,433,447,14,Normal
6962181067,4/30/2016,10081,6.659999847,6.659999847,0,2.24000001,0.75999999,3.670000076,0,32,16,237,731,2002,1,422,424,2,Fast
6962181067,5/1/2016,5454,3.609999895,3.609999895,0,0,0,3.609999895,0,0,0,215,722,1740,1,411,426,15,Normal
6962181067,5/2/2016,12912,8.539999962,8.539999962,0,1.200000048,2,5.340000153,0,18,39,313,655,2162,1,466,482,16,Normal
6962181067,5/3/2016,12109,8.119999886,8.119999886,0,1.74000001,2.039999962,4.329999924,0,21,36,267,654,2072,1,394,418,24,Slow
6962181067,5/4/2016,10147,6.710000038,6.710000038,0,0.469999999,1.679999948,4.550000191,0,15,36,284,683,2086,1,442,455,13,Normal
6962181067,5/5/2016,10524,6.960000038,6.960000038,0,0.99000001,1.159999967,4.809999943,0,14,22,305,591,2066,1,467,491,24,Slow
6962181067,5/6/2016,5908,3.910000086,3.910000086,0,0,0,3.910000086,0,0,0,299,717,1850,1,443,462,19,Normal
6962181067,5/7/2016,6815,4.5,4.5,0,0,0,4.5,0,0,0,328,745,1947,1,298,334,36,Slow
6962181067,5/8/2016,4188,2.769999981,2.769999981,0,0,0.519999981,2.25,0,0,14,151,709,1659,1,541,569,28,Slow
6962181067,5/9/2016,12342,8.720000267,8.680000305,3.167821884,3.900000095,1.179999948,3.650000095,0,43,21,231,607,2105,1,489,497,8,Fast
6962181067,5/10/2016,15448,10.21000004,10.21000004,0,3.470000029,1.75,4.989999771,0,62,34,275,626,2361,1,469,481,12,Normal
6962181067,5/11/2016,6722,4.440000057,4.440000057,0,1.49000001,0.310000002,2.650000095,0,24,7,199,709,1855,1,452,480,28,Slow
6962181067,5/12/2016,3587,2.369999886,2.369999886,0,0,0.25,2.109999895,0,0,8,105,127,928,1,516,535,19,Normal
7007744171,4/16/2016,4631,3.099999905,3.099999905,0,0,0,3.099999905,0,0,0,203,1155,2076,1,79,82,3,Fast
7007744171,5/1/2016,5600,3.75,3.75,0,0,0,3.75,0,0,0,237,1142,2225,1,58,61,3,Fast
7086361926,4/12/2016,11317,8.409999847,8.409999847,0,5.269999981,0.150000006,2.970000029,0,59,6,153,745,2772,1,514,525,11,Normal
7086361926,4/13/2016,5813,3.619999886,3.619999886,0,0.560000002,0.209999993,2.839999914,0,31,26,155,744,2516,1,451,465,14,Normal
7086361926,4/14/2016,9123,6.119999886,6.119999886,0,2.029999971,0.330000013,3.660000086,0,35,32,189,787,2734,1,472,476,4,Fast
7086361926,4/15/2016,8585,5.670000076,5.670000076,0,2.039999962,1.110000014,2.529999971,0,30,21,139,864,2395,1,377,386,9,Fast
7086361926,4/19/2016,10688,7.289999962,7.289999962,0,3.529999971,1.230000019,2.50999999,0,67,69,124,671,2944,1,472,483,11,Normal
7086361926,4/20/2016,14365,10.64000034,10.64000034,0,7.639999866,0.449999988,2.539999962,0,87,13,145,797,2997,1,492,502,10,Normal
7086361926,4/21/2016,9469,6.179999828,6.179999828,0,1.360000014,0.300000012,4.510000229,0,19,6,206,758,2463,1,390,411,21,Slow
7086361926,4/22/2016,9753,6.53000021,6.53000021,0,2.869999886,0.970000029,2.670000076,0,58,59,153,762,2846,1,428,448,20,Normal
7086361926,4/24/2016,3520,2.160000086,2.160000086,0,0,0,2.150000095,0,0,0,125,566,2049,1,681,704,23,Slow
7086361926,4/25/2016,10091,6.820000172,6.820000172,0,3.75,0.699999988,2.369999886,0,69,39,129,706,2752,1,446,447,1,Fast
7086361926,4/26/2016,10387,7.070000172,7.070000172,0,4.159999847,0.769999981,2.119999886,0,70,33,132,726,2781,1,485,500,15,Normal
7086361926,4/27/2016,11107,8.340000153,8.340000153,0,5.630000114,0.180000007,2.529999971,0,55,6,145,829,2693,1,469,479,10,Normal
7086361926,4/28/2016,11584,7.800000191,7.800000191,0,2.789999962,1.639999986,3.359999895,0,54,48,161,810,2862,1,354,367,13,Normal
7086361926,4/30/2016,14560,9.409999847,9.409999847,0,3.119999886,1.039999962,5.239999771,0,42,17,308,584,2995,1,485,489,4,Fast
7086361926,5/1/2016,12390,8.069999695,8.069999695,0,2.299999952,0.899999976,4.849999905,0,30,15,258,685,2730,1,388,407,19,Normal
7086361926,5/2/2016,10052,6.809999943,6.809999943,0,3.480000019,0.660000026,2.660000086,0,66,26,139,737,2754,1,440,459,19,Normal
7086361926,5/3/2016,10288,6.760000229,6.760000229,0,2.74000001,0.850000024,3.160000086,0,57,36,152,761,2754,1,456,461,5,Fast
7086361926,5/4/2016,10988,8.31000042,8.31000042,0,5.28000021,0.119999997,2.900000095,0,45,12,135,843,2655,1,420,436,16,Normal
7086361926,5/6/2016,12461,8.380000114,8.380000114,0,3.819999933,1.429999948,3.119999886,0,84,35,154,834,2924,1,322,333,11,Normal
7086361926,5/7/2016,12827,8.479999542,8.479999542,0,1.460000038,2.329999924,4.679999828,0,20,42,209,621,2739,1,530,548,18,Normal
7086361926,5/8/2016,10677,7.099999905,7.099999905,0,2.309999943,1.529999971,3.25,0,32,27,147,695,2534,1,481,510,29,Slow
7086361926,5/9/2016,13566,9.109999657,9.109999657,0,4.260000229,1.710000038,3.119999886,0,67,50,171,743,2960,1,427,438,11,Normal
7086361926,5/11/2016,9572,6.519999981,6.519999981,0,2.890000105,1.389999986,2.230000019,0,57,40,128,757,2735,1,451,463,12,Normal
7086361926,5/12/2016,3789,2.559999943,2.559999943,0,0.379999995,0.270000011,1.889999986,0,5,4,58,343,1199,1,444,457,13,Normal
8053475328,4/20/2016,15108,12.18999958,12.18999958,0,9.579999924,0.230000004,2.380000114,0,89,5,158,695,3043,1,486,493,7,Fast
8053475328,4/23/2016,22359,17.19000053,17.19000053,0,12.53999996,0.629999995,4.019999981,0,125,14,223,741,3554,1,331,337,6,Fast
8053475328,5/7/2016,19769,15.67000008,15.67000008,0,12.43999958,0.879999995,2.349999905,0,121,20,148,1076,3331,1,74,75,1,Fast
8378563200,4/12/2016,7626,6.050000191,6.050000191,2.253081083,0.829999983,0.709999979,4.5,0,65,15,156,723,3635,1,338,356,18,Normal
8378563200,4/13/2016,12386,9.819999695,9.819999695,2.092147112,4.960000038,0.649999976,4.210000038,0,116,14,169,680,4079,2,447,487,40,Slow
8378563200,4/14/2016,13318,10.56000042,10.56000042,2.253081083,5.619999886,1.029999971,3.910000086,0,123,21,174,699,4163,1,424,455,31,Slow
8378563200,4/15/2016,14461,11.47000027,11.47000027,0,4.909999847,1.149999976,5.409999847,0,60,23,190,729,3666,1,513,533,20,Normal
8378563200,4/16/2016,11207,8.890000343,8.890000343,0,5.369999886,1.070000052,2.440000057,0,64,21,142,563,3363,2,611,689,78,Very Slow
8378563200,4/17/2016,2132,1.690000057,1.690000057,0,0,0,1.690000057,0,0,0,93,599,2572,2,525,591,66,Very Slow
8378563200,4/18/2016,13630,10.81000042,10.81000042,2.092147112,5.050000191,0.560000002,5.199999809,0,117,10,174,720,4157,1,398,451,53,Slow
8378563200,4/19/2016,13070,10.35999966,10.35999966,2.253081083,5.300000191,0.879999995,4.179999828,0,120,19,154,737,4092,1,387,421,34,Slow
8378563200,4/20/2016,9388,7.440000057,7.440000057,2.092147112,2.230000019,0.439999998,4.78000021,0,82,8,169,763,3787,1,381,409,28,Slow
8378563200,4/21/2016,15148,12.01000023,12.01000023,2.253081083,6.900000095,0.819999993,4.289999962,0,137,16,145,677,4236,1,396,417,21,Slow
8378563200,4/22/2016,12200,9.670000076,9.670000076,2.092147112,4.909999847,0.589999974,4.179999828,0,113,12,159,769,4044,1,441,469,28,Slow
8378563200,4/23/2016,5709,4.53000021,4.53000021,0,1.519999981,0.519999981,2.480000019,0,19,10,136,740,2908,1,565,591,26,Slow
8378563200,4/24/2016,3703,2.940000057,2.940000057,0,0,0,2.940000057,0,0,0,135,734,2741,1,458,492,34,Slow
8378563200,4/25/2016,12405,9.840000153,9.840000153,2.092147112,5.050000191,0.870000005,3.920000076,0,117,16,141,692,4005,1,388,402,14,Normal
8378563200,4/26/2016,16208,12.85000038,12.85000038,0,7.510000229,0.920000017,4.420000076,0,90,18,161,593,3763,1,550,584,34,Slow
8378563200,4/27/2016,7359,5.840000153,5.840000153,0,0.330000013,0.180000007,5.329999924,0,4,4,192,676,3061,1,531,600,69,Very Slow
8378563200,4/28/2016,5417,4.300000191,4.300000191,0,0.899999976,0.49000001,2.910000086,0,11,10,139,711,2884,1,506,556,50,Slow
8378563200,4/29/2016,6175,4.900000095,4.900000095,0,0.25,0.360000014,4.269999981,0,3,7,172,767,2982,1,527,562,35,Slow
8378563200,4/30/2016,2946,2.339999914,2.339999914,0,0,0,2.339999914,0,0,0,121,780,2660,1,468,555,87,Very Slow
8378563200,5/1/2016,11419,9.06000042,9.06000042,0,6.03000021,0.560000002,2.470000029,0,71,10,127,669,3369,1,475,539,64,Very Slow
8378563200,5/2/2016,6064,4.809999943,4.809999943,2.092147112,0.629999995,0.170000002,4.010000229,0,63,4,142,802,3491,1,351,385,34,Slow
8378563200,5/3/2016,8712,6.909999847,6.909999847,2.253081083,1.340000033,1.059999943,4.5,0,71,20,195,822,3784,1,405,429,24,Slow
8378563200,5/4/2016,7875,6.239999771,6.239999771,0,1.559999943,0.49000001,4.199999809,0,19,10,167,680,3110,1,441,477,36,Slow
8378563200,5/5/2016,8567,6.789999962,6.789999962,2.253081083,0.889999986,0.159999996,5.739999771,0,66,3,214,764,3783,1,381,417,36,Slow
8378563200,5/6/2016,7045,5.590000153,5.590000153,2.092147112,1.549999952,0.25,3.779999971,0,74,5,166,831,3644,1,323,355,32,Slow
8378563200,5/7/2016,4468,3.539999962,3.539999962,0,0,0,3.539999962,0,0,0,158,851,2799,2,459,513,54,Slow
8378563200,5/8/2016,2943,2.329999924,2.329999924,0,0,0,2.329999924,0,0,0,139,621,2685,1,545,606,61,Very Slow
8378563200,5/9/2016,8382,6.650000095,6.650000095,2.092147112,1.269999981,0.660000026,4.71999979,0,71,13,171,772,3721,1,359,399,40,Slow
8378563200,5/10/2016,6582,5.21999979,5.21999979,2.253081083,0.660000026,0.639999986,3.920000076,0,63,13,152,840,3586,1,342,391,49,Slow
8378563200,5/11/2016,9143,7.25,7.25,2.092147112,1.389999986,0.589999974,5.269999981,0,72,10,184,763,3788,1,368,387,19,Normal
8378563200,5/12/2016,4561,3.619999886,3.619999886,0,0.649999976,0.270000011,2.690000057,0,8,6,102,433,1976,1,496,546,50,Slow
8792009665,4/12/2016,2564,1.639999986,1.639999986,0,0,0,1.639999986,0,0,0,116,831,2044,1,458,493,35,Slow
8792009665,4/13/2016,1320,0.839999974,0.839999974,0,0,0,0.839999974,0,0,0,82,806,1934,1,531,552,21,Slow
8792009665,4/14/2016,1219,0.779999971,0.779999971,0,0,0,0.779999971,0,0,0,84,853,1963,1,486,503,17,Normal
8792009665,4/15/2016,2483,1.590000033,1.590000033,0,0,0,1.590000033,0,0,0,126,937,2009,1,363,377,14,Normal
8792009665,4/20/2016,3147,2.00999999,2.00999999,0,0,0.280000001,1.74000001,0,0,10,139,744,2188,1,528,547,19,Normal
8792009665,4/22/2016,4068,2.599999905,2.599999905,0,0.050000001,0.280000001,2.269999981,0,1,20,195,817,2419,1,391,407,16,Normal
8792009665,4/23/2016,5245,3.359999895,3.359999895,0,0.159999996,0.439999998,2.75,0,8,45,232,795,2748,1,339,360,21,Slow
8792009665,4/27/2016,1758,1.129999995,1.129999995,0,0,0,1.129999995,0,0,0,112,900,2067,1,423,428,5,Fast
8792009665,4/28/2016,6157,3.940000057,3.940000057,0,0,0,3.940000057,0,0,0,310,714,2780,1,402,416,14,Normal
8792009665,4/29/2016,8360,5.349999905,5.349999905,0,0.140000001,0.280000001,4.929999828,0,6,14,380,634,3101,1,398,406,8,Fast
8792009665,4/30/2016,7174,4.590000153,4.590000153,0,0.330000013,0.360000014,3.910000086,0,10,20,301,749,2896,1,343,360,17,Normal
8792009665,5/1/2016,1619,1.039999962,1.039999962,0,0,0,1.039999962,0,0,0,79,834,1962,1,503,527,24,Slow
8792009665,5/2/2016,1831,1.169999957,1.169999957,0,0,0,1.169999957,0,0,0,101,916,2015,1,415,423,8,Fast
8792009665,5/3/2016,2421,1.549999952,1.549999952,0,0,0,1.549999952,0,0,0,156,739,2297,1,516,545,29,Slow
8792009665,5/4/2016,2283,1.460000038,1.460000038,0,0,0,1.460000038,0,0,0,129,848,2067,1,439,463,24,Slow
